{
    "05:00-05:59": {
        "probabilidad_laboral": 0.907802
    },
    "06:00-06:59": {
        "probabilidad_laboral": 0.867125
    },
    "07:00-07:59": {
        "probabilidad_laboral": 0.758021
    },
    "08:00-08:59": {
        "probabilidad_laboral": 0.594744
    },
    "09:00-09:59": {
        "probabilidad_laboral": 0.494193
    },
    "10:00-10:59": {
        "probabilidad_laboral": 0.296405
    },
    "11:00-11:59": {
        "probabilidad_laboral": 0.169868
    },
    "12:00-12:59": {
        "probabilidad_laboral": 0.129828
    },
    "13:00-13:59": {
        "probabilidad_laboral": 0.215064
    },
    "14:00-14:59": {
        "probabilidad_laboral": 0.098091
    },
    "15:00-15:59": {
        "probabilidad_laboral": 0.088404
    },
    "16:00-16:59": {
        "probabilidad_laboral": 0.079484
    },
    "17:00-17:59": {
        "probabilidad_laboral": 0.045002
    },
    "18:00-18:59": {
        "probabilidad_laboral": 0.02253
    },
    "19:00-19:59": {
        "probabilidad_laboral": 0.026569
    },
    "20:00-20:59": {
        "probabilidad_laboral": 0.02576
    },
    "21:00-21:59": {
        "probabilidad_laboral": 0.03209
    }
}